<KicadtoNgspice><source><v1 name="Source type">dc<field1 name="Value">5</field1></v1><v2 name="Source type">dc<field1 name="Value">5</field1></v2><v3 name="Source type">pulse<field1 name="Initial Value">5</field1><field2 name="Pulse Value">0</field2><field3 name="Delay Time" /><field4 name="Rise Time" /><field5 name="Fall Time" /><field5 name="Pulse width">0.01</field5><field5 name="Period">0.02</field5></v3><v4 name="Source type">pulse<field1 name="Initial Value">0</field1><field2 name="Pulse Value">0</field2><field3 name="Delay Time" /><field4 name="Rise Time" /><field5 name="Fall Time" /><field5 name="Pulse width">0.1</field5><field5 name="Period">0.2</field5></v4><v5 name="Source type">dc<field1 name="Value">5</field1></v5></source><model><u3 name="type">raj_counter<field1 name="Enter Rise Delay (default=1.0e-9)" /><field2 name="Enter Fall Delay (default=1.0e-9)" /><field3 name="Enter Input Load (default=1.0e-12)" /><field4 name="Enter Instance ID (Between 0-99)" /></u3><u1 name="type">raj_and<field5 name="Enter Rise Delay (default=1.0e-9)" /><field6 name="Enter Fall Delay (default=1.0e-9)" /><field7 name="Enter Input Load (default=1.0e-12)" /><field8 name="Enter Instance ID (Between 0-99)" /></u1><u2 name="type">adc_bridge<field9 name="Enter value for in_low (default=1.0)" /><field10 name="Enter value for in_high (default=2.0)" /><field11 name="Enter Rise Delay (default=1.0e-9)" /><field12 name="Enter Fall Delay (default=1.0e-9)" /></u2><u4 name="type">adc_bridge<field13 name="Enter value for in_low (default=1.0)" /><field14 name="Enter value for in_high (default=2.0)" /><field15 name="Enter Rise Delay (default=1.0e-9)" /><field16 name="Enter Fall Delay (default=1.0e-9)" /></u4><u5 name="type">adc_bridge<field17 name="Enter value for in_low (default=1.0)" /><field18 name="Enter value for in_high (default=2.0)" /><field19 name="Enter Rise Delay (default=1.0e-9)" /><field20 name="Enter Fall Delay (default=1.0e-9)" /></u5><u6 name="type">dac_bridge<field21 name="Enter value for out_low (default=0.0)" /><field22 name="Enter value for out_high (default=5.0)" /><field23 name="Enter value for out_undef (default=0.5)" /><field24 name="Enter value for input load (default=1.0e-12)" /><field25 name="Enter the Rise Time (default=1.0e-9)" /><field26 name="Enter the Fall Time (default=1.0e-9)" /></u6></model><devicemodel><scmode1><field>C:\Users\Public\FOSSEE\eSim\library\sky130_fd_pr\models\sky130.lib.spice</field><field>tt</field></scmode1></devicemodel><subcircuit><x1><field>C:\Users\Public\FOSSEE\eSim\library\SubcircuitLibrary\SKY130_IP\avsd_opamp</field></x1><x2><field>C:\Users\Public\FOSSEE\eSim\library\SubcircuitLibrary\SKY130_IP\avsddac_3v3_sky130_v2</field></x2></subcircuit><analysis><ac><field1 name="Lin">true</field1><field2 name="Dec">false</field2><field3 name="Oct">false</field3><field4 name="Start Frequency" /><field5 name="Stop Frequency" /><field6 name="No. of points" /><field7 name="Start Fre Combo">Hz</field7><field8 name="Stop Fre Combo">Hz</field8></ac><dc><field1 name="Source 1" /><field2 name="Start" /><field3 name="Increment" /><field4 name="Stop" /><field5 name="Operating Point">0</field5><field6 name="Start Combo">Volts or Amperes</field6><field7 name="Increment Combo">Volts or Amperes</field7><field8 name="Stop Combo">Volts or Amperes</field8><field9 name="Source 2" /><field10 name="Start" /><field11 name="Increment" /><field12 name="Stop" /><field13 name="Start Combo">Volts or Amperes</field13><field14 name="Increment Combo">Volts or Amperes</field14><field15 name="Stop Combo">Volts or Amperes</field15></dc><tran><field1 name="Start Time">0</field1><field2 name="Step Time">0.001</field2><field3 name="Stop Time">1</field3><field4 name="Start Combo">sec</field4><field5 name="Step Combo">sec</field5><field6 name="Stop Combo">sec</field6></tran></analysis></KicadtoNgspice>