<KicadtoNgspice><source><v3 name="Source type">dc<field1 name="Value">5</field1></v3><v4 name="Source type">dc<field1 name="Value">5</field1></v4><v1 name="Source type">sine<field1 name="Offset Value">0</field1><field2 name="Amplitude">5</field2><field3 name="Frequency">1</field3><field4 name="Delay Time">0</field4><field5 name="Damping Factor">0</field5></v1><v2 name="Source type">dc<field1 name="Value">2.5</field1></v2><v1 name="Source type">dc<field1 name="Value">5</field1></v1></source><model><u2 name="type">priority_encoder_raj<field1 name="Enter Rise Delay (default=1.0e-9)" /><field2 name="Enter Fall Delay (default=1.0e-9)" /><field3 name="Enter Input Load (default=1.0e-12)" /><field4 name="Enter Instance ID (Between 0-99)" /></u2><u3 name="type">adc_bridge<field5 name="Enter value for in_low (default=1.0)">3</field5><field6 name="Enter value for in_high (default=2.0)">4.5</field6><field7 name="Enter Rise Delay (default=1.0e-9)" /><field8 name="Enter Fall Delay (default=1.0e-9)" /></u3><u4 name="type">dac_bridge<field9 name="Enter value for out_low (default=0.0)">0.3</field9><field10 name="Enter value for out_high (default=5.0)">1</field10><field11 name="Enter value for out_undef (default=0.5)" /><field12 name="Enter value for input load (default=1.0e-12)" /><field13 name="Enter the Rise Time (default=1.0e-9)" /><field14 name="Enter the Fall Time (default=1.0e-9)" /></u4><u9 name="type">raj_priority_encoder<field11 name="Enter Rise Delay (default=1.0e-9)" /><field12 name="Enter Fall Delay (default=1.0e-9)" /><field13 name="Enter Input Load (default=1.0e-12)" /><field14 name="Enter Instance ID (Between 0-99)" /></u9></model><devicemodel><scmode1><field>C:\Users\Public\FOSSEE\eSim\library\sky130_fd_pr\models\sky130.lib.spice</field><field>tt</field></scmode1><sc5><field>L=5.2 W=1</field></sc5><sc2><field>L=5.2 W=1</field></sc2><sc3><field>L=5.2 W=1</field></sc3><sc6><field>L=5.2 W=1</field></sc6><sc7><field>L=5.2 W=1</field></sc7><sc8><field>L=5.2 W=1</field></sc8><sc4><field>L=5.2 W=1</field></sc4><sc1><field>L=5.2 W=1</field></sc1></devicemodel><subcircuit><x1><field>C:\Users\Public\FOSSEE\eSim\library\SubcircuitLibrary\SKY130_IP\avsd_opamp</field></x1><x2><field>C:\Users\Public\FOSSEE\eSim\library\SubcircuitLibrary\SKY130_IP\avsd_opamp</field></x2><x3><field>C:\Users\Public\FOSSEE\eSim\library\SubcircuitLibrary\SKY130_IP\avsd_opamp</field></x3><x4><field>C:\Users\Public\FOSSEE\eSim\library\SubcircuitLibrary\SKY130_IP\avsd_opamp</field></x4><x5><field>C:\Users\Public\FOSSEE\eSim\library\SubcircuitLibrary\SKY130_IP\avsd_opamp</field></x5><x6><field>C:\Users\Public\FOSSEE\eSim\library\SubcircuitLibrary\SKY130_IP\avsd_opamp</field></x6><x7><field>C:\Users\Public\FOSSEE\eSim\library\SubcircuitLibrary\SKY130_IP\avsd_opamp</field></x7><x8><field>C:\Users\Public\FOSSEE\eSim\library\SubcircuitLibrary\SKY130_IP\avsd_opamp</field></x8></subcircuit><analysis><ac><field1 name="Lin">true</field1><field2 name="Dec">false</field2><field3 name="Oct">false</field3><field4 name="Start Frequency" /><field5 name="Stop Frequency" /><field6 name="No. of points" /><field7 name="Start Fre Combo">Hz</field7><field8 name="Stop Fre Combo">Hz</field8></ac><dc><field1 name="Source 1" /><field2 name="Start" /><field3 name="Increment" /><field4 name="Stop" /><field5 name="Operating Point">0</field5><field6 name="Start Combo">Volts or Amperes</field6><field7 name="Increment Combo">Volts or Amperes</field7><field8 name="Stop Combo">Volts or Amperes</field8><field9 name="Source 2" /><field10 name="Start" /><field11 name="Increment" /><field12 name="Stop" /><field13 name="Start Combo">Volts or Amperes</field13><field14 name="Increment Combo">Volts or Amperes</field14><field15 name="Stop Combo">Volts or Amperes</field15></dc><tran><field1 name="Start Time">0</field1><field2 name="Step Time">0.001</field2><field3 name="Stop Time">10</field3><field4 name="Start Combo">sec</field4><field5 name="Step Combo">sec</field5><field6 name="Stop Combo">sec</field6></tran></analysis></KicadtoNgspice>