<?xml version="1.0" encoding="UTF-8"?>
<export version="D">
  <design>
    <source>C:/Users/Public/D_Latch/D_Latch.sch</source>
    <date>01/09/23 11:29:16</date>
    <tool>Eeschema 4.0.7</tool>
    <sheet number="1" name="/" tstamps="/">
      <title_block>
        <title/>
        <company/>
        <rev/>
        <date/>
        <source>D_Latch.sch</source>
        <comment number="1" value=""/>
        <comment number="2" value=""/>
        <comment number="3" value=""/>
        <comment number="4" value=""/>
      </title_block>
    </sheet>
  </design>
  <components>
    <comp ref="M1">
      <value>mosfet_p</value>
      <libsource lib="eSim_Devices" part="mosfet_p"/>
      <sheetpath names="/" tstamps="/"/>
      <tstamp>63BB9D57</tstamp>
    </comp>
    <comp ref="M2">
      <value>mosfet_n</value>
      <libsource lib="eSim_Devices" part="mosfet_n"/>
      <sheetpath names="/" tstamps="/"/>
      <tstamp>63BB9E70</tstamp>
    </comp>
    <comp ref="M4">
      <value>mosfet_p</value>
      <libsource lib="eSim_Devices" part="mosfet_p"/>
      <sheetpath names="/" tstamps="/"/>
      <tstamp>63BB9F7D</tstamp>
    </comp>
    <comp ref="M3">
      <value>mosfet_n</value>
      <libsource lib="eSim_Devices" part="mosfet_n"/>
      <sheetpath names="/" tstamps="/"/>
      <tstamp>63BB9FC2</tstamp>
    </comp>
    <comp ref="M7">
      <value>mosfet_p</value>
      <libsource lib="eSim_Devices" part="mosfet_p"/>
      <sheetpath names="/" tstamps="/"/>
      <tstamp>63BBA00B</tstamp>
    </comp>
    <comp ref="M5">
      <value>mosfet_n</value>
      <libsource lib="eSim_Devices" part="mosfet_n"/>
      <sheetpath names="/" tstamps="/"/>
      <tstamp>63BBA054</tstamp>
    </comp>
    <comp ref="v2">
      <value>DC</value>
      <footprint>R1</footprint>
      <libsource lib="eSim_Sources" part="DC"/>
      <sheetpath names="/" tstamps="/"/>
      <tstamp>63BBA229</tstamp>
    </comp>
    <comp ref="M6">
      <value>mosfet_p</value>
      <libsource lib="eSim_Devices" part="mosfet_p"/>
      <sheetpath names="/" tstamps="/"/>
      <tstamp>63BBA675</tstamp>
    </comp>
    <comp ref="M8">
      <value>mosfet_n</value>
      <libsource lib="eSim_Devices" part="mosfet_n"/>
      <sheetpath names="/" tstamps="/"/>
      <tstamp>63BBA67B</tstamp>
    </comp>
    <comp ref="v1">
      <value>pulse</value>
      <footprint>R1</footprint>
      <libsource lib="eSim_Sources" part="pulse"/>
      <sheetpath names="/" tstamps="/"/>
      <tstamp>63BBA761</tstamp>
    </comp>
    <comp ref="M10">
      <value>mosfet_p</value>
      <libsource lib="eSim_Devices" part="mosfet_p"/>
      <sheetpath names="/" tstamps="/"/>
      <tstamp>63BBA9C9</tstamp>
    </comp>
    <comp ref="M9">
      <value>mosfet_n</value>
      <libsource lib="eSim_Devices" part="mosfet_n"/>
      <sheetpath names="/" tstamps="/"/>
      <tstamp>63BBA9CF</tstamp>
    </comp>
    <comp ref="v3">
      <value>pulse</value>
      <footprint>R1</footprint>
      <libsource lib="eSim_Sources" part="pulse"/>
      <sheetpath names="/" tstamps="/"/>
      <tstamp>63BBA9F4</tstamp>
    </comp>
    <comp ref="scmode1">
      <value>SKY130mode</value>
      <libsource lib="eSim_SKY130" part="SKY130mode"/>
      <sheetpath names="/" tstamps="/"/>
      <tstamp>63BBA363</tstamp>
    </comp>
    <comp ref="U2">
      <value>plot_v1</value>
      <libsource lib="eSim_Plot" part="plot_v1"/>
      <sheetpath names="/" tstamps="/"/>
      <tstamp>63BBAE4E</tstamp>
    </comp>
    <comp ref="U1">
      <value>plot_v1</value>
      <libsource lib="eSim_Plot" part="plot_v1"/>
      <sheetpath names="/" tstamps="/"/>
      <tstamp>63BBAF26</tstamp>
    </comp>
  </components>
  <libparts>
    <libpart lib="eSim_Sources" part="DC">
      <footprints>
        <fp>1_pin</fp>
      </footprints>
      <fields>
        <field name="Reference">v</field>
        <field name="Value">DC</field>
        <field name="Footprint">R1</field>
      </fields>
      <pins>
        <pin num="1" name="+" type="power_out"/>
        <pin num="2" name="-" type="power_out"/>
      </pins>
    </libpart>
    <libpart lib="eSim_SKY130" part="SKY130mode">
      <fields>
        <field name="Reference">scmode</field>
        <field name="Value">SKY130mode</field>
      </fields>
    </libpart>
    <libpart lib="eSim_Devices" part="eSim_MOS_N">
      <aliases>
        <alias>mosfet_n</alias>
      </aliases>
      <fields>
        <field name="Reference">M</field>
        <field name="Value">eSim_MOS_N</field>
      </fields>
      <pins>
        <pin num="1" name="D" type="passive"/>
        <pin num="2" name="G" type="passive"/>
        <pin num="3" name="S" type="passive"/>
        <pin num="4" name="B" type="passive"/>
      </pins>
    </libpart>
    <libpart lib="eSim_Devices" part="eSim_MOS_P">
      <aliases>
        <alias>mosfet_p</alias>
      </aliases>
      <fields>
        <field name="Reference">M</field>
        <field name="Value">eSim_MOS_P</field>
      </fields>
      <pins>
        <pin num="1" name="D" type="passive"/>
        <pin num="2" name="G" type="passive"/>
        <pin num="3" name="S" type="passive"/>
        <pin num="4" name="B" type="passive"/>
      </pins>
    </libpart>
    <libpart lib="eSim_Plot" part="plot_v1">
      <fields>
        <field name="Reference">U</field>
        <field name="Value">plot_v1</field>
      </fields>
      <pins>
        <pin num="~" name="~" type="input"/>
      </pins>
    </libpart>
    <libpart lib="eSim_Sources" part="pulse">
      <footprints>
        <fp>1_pin</fp>
      </footprints>
      <fields>
        <field name="Reference">v</field>
        <field name="Value">pulse</field>
        <field name="Footprint">R1</field>
      </fields>
      <pins>
        <pin num="1" name="+" type="passive"/>
        <pin num="2" name="-" type="passive"/>
      </pins>
    </libpart>
  </libparts>
  <libraries>
    <library logical="eSim_Sources">
      <uri>C:\Users\Public\FOSSEE\KiCad\share\kicad\library\eSim_Sources.lib</uri>
    </library>
    <library logical="eSim_Plot">
      <uri>C:\Users\Public\FOSSEE\KiCad\share\kicad\library\eSim_Plot.lib</uri>
    </library>
    <library logical="eSim_Devices">
      <uri>C:\Users\Public\FOSSEE\KiCad\share\kicad\library\eSim_Devices.lib</uri>
    </library>
    <library logical="eSim_SKY130">
      <uri>C:\Users\Public\FOSSEE\KiCad\share\kicad\library\eSim_SKY130.lib</uri>
    </library>
  </libraries>
  <nets>
    <net code="1" name="GND">
      <node ref="M9" pin="4"/>
      <node ref="v3" pin="2"/>
      <node ref="M9" pin="3"/>
      <node ref="M5" pin="4"/>
      <node ref="M5" pin="3"/>
      <node ref="M3" pin="4"/>
      <node ref="M3" pin="3"/>
      <node ref="v2" pin="2"/>
      <node ref="v1" pin="2"/>
    </net>
    <net code="2" name="Net-(M1-Pad3)">
      <node ref="M4" pin="2"/>
      <node ref="M6" pin="1"/>
      <node ref="M3" pin="2"/>
      <node ref="M2" pin="1"/>
      <node ref="M1" pin="4"/>
      <node ref="M1" pin="3"/>
      <node ref="M8" pin="3"/>
      <node ref="M8" pin="4"/>
    </net>
    <net code="3" name="Net-(M1-Pad2)">
      <node ref="M8" pin="2"/>
      <node ref="M9" pin="1"/>
      <node ref="M1" pin="2"/>
      <node ref="M10" pin="3"/>
    </net>
    <net code="4" name="Net-(M3-Pad1)">
      <node ref="M3" pin="1"/>
      <node ref="M4" pin="3"/>
    </net>
    <net code="5" name="Net-(M5-Pad1)">
      <node ref="M6" pin="3"/>
      <node ref="U2" pin="~"/>
      <node ref="M5" pin="1"/>
      <node ref="M7" pin="3"/>
      <node ref="M6" pin="4"/>
      <node ref="M8" pin="1"/>
    </net>
    <net code="6" name="Net-(M5-Pad2)">
      <node ref="M5" pin="2"/>
      <node ref="M7" pin="2"/>
    </net>
    <net code="7" name="Net-(M1-Pad1)">
      <node ref="M1" pin="1"/>
      <node ref="v1" pin="1"/>
      <node ref="U1" pin="~"/>
      <node ref="M2" pin="4"/>
      <node ref="M2" pin="3"/>
    </net>
    <net code="8" name="Net-(M10-Pad2)">
      <node ref="M6" pin="2"/>
      <node ref="M10" pin="2"/>
      <node ref="M9" pin="2"/>
      <node ref="M2" pin="2"/>
      <node ref="v3" pin="1"/>
    </net>
    <net code="9" name="Net-(M10-Pad1)">
      <node ref="v2" pin="1"/>
      <node ref="M7" pin="1"/>
      <node ref="M10" pin="1"/>
      <node ref="M10" pin="4"/>
      <node ref="M4" pin="1"/>
      <node ref="M4" pin="4"/>
      <node ref="M7" pin="4"/>
    </net>
  </nets>
</export>
