<KicadtoNgspice><source><v2 name="Source type">dc<field1 name="Value">1.2</field1></v2><v1 name="Source type">pulse<field1 name="Initial Value">1.2</field1><field2 name="Pulse Value">0</field2><field3 name="Delay Time">0</field3><field4 name="Rise Time">0</field4><field5 name="Fall Time">0</field5><field5 name="Pulse width">0.001</field5><field5 name="Period">0.002</field5></v1><v3 name="Source type">pulse<field1 name="Initial Value">1.2</field1><field2 name="Pulse Value">1.2</field2><field3 name="Delay Time">0.00</field3><field4 name="Rise Time">0.00</field4><field5 name="Fall Time">0.00</field5><field5 name="Pulse width">0.005</field5><field5 name="Period">0.01</field5></v3><v2 name="Source type">pulse<field1 name="Initial Value">1.2</field1><field2 name="Pulse Value">0</field2><field3 name="Delay Time">0</field3><field4 name="Rise Time">0</field4><field5 name="Fall Time">0</field5><field5 name="Pulse width">0.001</field5><field5 name="Period">0.002</field5></v2><v3 name="Source type">dc<field1 name="Value">1.2</field1></v3></source><model /><devicemodel><scmode1><field>C:\Users\Public\FOSSEE\eSim\library\sky130_fd_pr\models\sky130.lib.spice</field><field>tt</field></scmode1><sc3><field>w=1 L=0.5</field></sc3><sc4><field>w=1 L=0.5</field></sc4><sc7><field>w=1 L=0.5</field></sc7><sc8><field>w=1 L=0.5</field></sc8><sc5><field>w=1 L=0.5</field></sc5><sc6><field>w=1 L=0.5</field></sc6><sc9><field>w=1 L=0.5</field></sc9><sc10><field>w=1 L=0.5</field></sc10><sc1><field>w=1 L=0.5</field></sc1><sc2><field>w=1 L=0.5</field></sc2></devicemodel><subcircuit /><analysis><ac><field1 name="Lin">true</field1><field2 name="Dec">false</field2><field3 name="Oct">false</field3><field4 name="Start Frequency" /><field5 name="Stop Frequency" /><field6 name="No. of points" /><field7 name="Start Fre Combo">Hz</field7><field8 name="Stop Fre Combo">Hz</field8></ac><dc><field1 name="Source 1" /><field2 name="Start" /><field3 name="Increment" /><field4 name="Stop" /><field5 name="Operating Point">0</field5><field6 name="Start Combo">Volts or Amperes</field6><field7 name="Increment Combo">Volts or Amperes</field7><field8 name="Stop Combo">Volts or Amperes</field8><field9 name="Source 2" /><field10 name="Start" /><field11 name="Increment" /><field12 name="Stop" /><field13 name="Start Combo">Volts or Amperes</field13><field14 name="Increment Combo">Volts or Amperes</field14><field15 name="Stop Combo">Volts or Amperes</field15></dc><tran><field1 name="Start Time">0</field1><field2 name="Step Time">0.0001</field2><field3 name="Stop Time">0.01</field3><field4 name="Start Combo">sec</field4><field5 name="Step Combo">sec</field5><field6 name="Stop Combo">sec</field6></tran></analysis></KicadtoNgspice>