<KicadtoNgspice><source><v1 name="Source type">pulse<field1 name="Initial Value">2.1</field1><field2 name="Pulse Value">1</field2><field3 name="Delay Time">0.00001</field3><field4 name="Rise Time">0.00001</field4><field5 name="Fall Time">0.00001</field5><field5 name="Pulse width">0.1</field5><field5 name="Period">0.2</field5></v1><v4 name="Source type">dc<field1 name="Value">2.1</field1></v4><v5 name="Source type">dc<field1 name="Value">1</field1></v5><v2 name="Source type">dc<field1 name="Value">2.1</field1></v2><v9 name="Source type">dc<field1 name="Value">1</field1></v9><v3 name="Source type">dc<field1 name="Value">2.1</field1></v3><v6 name="Source type">dc<field1 name="Value">2.1</field1></v6><v7 name="Source type">dc<field1 name="Value">1</field1></v7><v8 name="Source type">dc<field1 name="Value">1</field1></v8></source><model><u2 name="type">raj_d_ff<field1 name="Enter Rise Delay (default=1.0e-9)" /><field2 name="Enter Fall Delay (default=1.0e-9)" /><field3 name="Enter Input Load (default=1.0e-12)" /><field4 name="Enter Instance ID (Between 0-99)" /></u2><u7 name="type">raj_d_ff<field5 name="Enter Rise Delay (default=1.0e-9)" /><field6 name="Enter Fall Delay (default=1.0e-9)" /><field7 name="Enter Input Load (default=1.0e-12)" /><field8 name="Enter Instance ID (Between 0-99)" /></u7><u4 name="type">raj_d_ff<field9 name="Enter Rise Delay (default=1.0e-9)" /><field10 name="Enter Fall Delay (default=1.0e-9)" /><field11 name="Enter Input Load (default=1.0e-12)" /><field12 name="Enter Instance ID (Between 0-99)" /></u4><u10 name="type">raj_d_ff<field13 name="Enter Rise Delay (default=1.0e-9)" /><field14 name="Enter Fall Delay (default=1.0e-9)" /><field15 name="Enter Input Load (default=1.0e-12)" /><field16 name="Enter Instance ID (Between 0-99)" /></u10><u1 name="type">raj_mux4x1<field17 name="Enter Rise Delay (default=1.0e-9)" /><field18 name="Enter Fall Delay (default=1.0e-9)" /><field19 name="Enter Input Load (default=1.0e-12)" /><field20 name="Enter Instance ID (Between 0-99)" /></u1><u5 name="type">raj_mux4x1<field21 name="Enter Rise Delay (default=1.0e-9)" /><field22 name="Enter Fall Delay (default=1.0e-9)" /><field23 name="Enter Input Load (default=1.0e-12)" /><field24 name="Enter Instance ID (Between 0-99)" /></u5><u8 name="type">raj_mux4x1<field25 name="Enter Rise Delay (default=1.0e-9)" /><field26 name="Enter Fall Delay (default=1.0e-9)" /><field27 name="Enter Input Load (default=1.0e-12)" /><field28 name="Enter Instance ID (Between 0-99)" /></u8><u11 name="type">raj_mux4x1<field29 name="Enter Rise Delay (default=1.0e-9)" /><field30 name="Enter Fall Delay (default=1.0e-9)" /><field31 name="Enter Input Load (default=1.0e-12)" /><field32 name="Enter Instance ID (Between 0-99)" /></u11><u3 name="type">adc_bridge<field33 name="Enter value for in_low (default=1.0)" /><field34 name="Enter value for in_high (default=2.0)" /><field35 name="Enter Rise Delay (default=1.0e-9)" /><field36 name="Enter Fall Delay (default=1.0e-9)" /></u3><u14 name="type">adc_bridge<field33 name="Enter value for in_low (default=1.0)" /><field34 name="Enter value for in_high (default=2.0)" /><field35 name="Enter Rise Delay (default=1.0e-9)" /><field36 name="Enter Fall Delay (default=1.0e-9)" /></u14><u15 name="type">dac_bridge<field41 name="Enter value for out_low (default=0.0)" /><field42 name="Enter value for out_high (default=5.0)" /><field43 name="Enter value for out_undef (default=0.5)" /><field44 name="Enter value for input load (default=1.0e-12)" /><field45 name="Enter the Rise Time (default=1.0e-9)" /><field46 name="Enter the Fall Time (default=1.0e-9)" /></u15></model><devicemodel><scmode1><field>C:\Users\Public\FOSSEE\eSim\library\sky130_fd_pr\models\sky130.lib.spice</field><field>tt</field></scmode1></devicemodel><subcircuit /><analysis><ac><field1 name="Lin">true</field1><field2 name="Dec">false</field2><field3 name="Oct">false</field3><field4 name="Start Frequency" /><field5 name="Stop Frequency" /><field6 name="No. of points" /><field7 name="Start Fre Combo">Hz</field7><field8 name="Stop Fre Combo">Hz</field8></ac><dc><field1 name="Source 1" /><field2 name="Start" /><field3 name="Increment" /><field4 name="Stop" /><field5 name="Operating Point">0</field5><field6 name="Start Combo">Volts or Amperes</field6><field7 name="Increment Combo">Volts or Amperes</field7><field8 name="Stop Combo">Volts or Amperes</field8><field9 name="Source 2" /><field10 name="Start" /><field11 name="Increment" /><field12 name="Stop" /><field13 name="Start Combo">Volts or Amperes</field13><field14 name="Increment Combo">Volts or Amperes</field14><field15 name="Stop Combo">Volts or Amperes</field15></dc><tran><field1 name="Start Time">0</field1><field2 name="Step Time">0.0001</field2><field3 name="Stop Time">0.8</field3><field4 name="Start Combo">sec</field4><field5 name="Step Combo">sec</field5><field6 name="Stop Combo">sec</field6></tran></analysis></KicadtoNgspice>