<?xml version="1.0" encoding="UTF-8"?>
<export version="D">
  <design>
    <source>C:\Users\Public\Shift_Reg\Shift_Reg.sch</source>
    <date>01/16/23 15:45:36</date>
    <tool>Eeschema 4.0.7</tool>
    <sheet number="1" name="/" tstamps="/">
      <title_block>
        <title/>
        <company/>
        <rev/>
        <date/>
        <source>Shift_Reg.sch</source>
        <comment number="1" value=""/>
        <comment number="2" value=""/>
        <comment number="3" value=""/>
        <comment number="4" value=""/>
      </title_block>
    </sheet>
  </design>
  <components>
    <comp ref="U2">
      <value>raj_d_ff</value>
      <libsource lib="eSim_Ngveri" part="raj_d_ff"/>
      <sheetpath names="/" tstamps="/"/>
      <tstamp>63BBF3FA</tstamp>
    </comp>
    <comp ref="U7">
      <value>raj_d_ff</value>
      <libsource lib="eSim_Ngveri" part="raj_d_ff"/>
      <sheetpath names="/" tstamps="/"/>
      <tstamp>63BBF517</tstamp>
    </comp>
    <comp ref="U4">
      <value>raj_d_ff</value>
      <libsource lib="eSim_Ngveri" part="raj_d_ff"/>
      <sheetpath names="/" tstamps="/"/>
      <tstamp>63BBF5AE</tstamp>
    </comp>
    <comp ref="U10">
      <value>raj_d_ff</value>
      <libsource lib="eSim_Ngveri" part="raj_d_ff"/>
      <sheetpath names="/" tstamps="/"/>
      <tstamp>63BBF609</tstamp>
    </comp>
    <comp ref="U1">
      <value>raj_mux4x1</value>
      <libsource lib="eSim_Ngveri" part="raj_mux4x1"/>
      <sheetpath names="/" tstamps="/"/>
      <tstamp>63BBF625</tstamp>
    </comp>
    <comp ref="U5">
      <value>raj_mux4x1</value>
      <libsource lib="eSim_Ngveri" part="raj_mux4x1"/>
      <sheetpath names="/" tstamps="/"/>
      <tstamp>63BBF77F</tstamp>
    </comp>
    <comp ref="U8">
      <value>raj_mux4x1</value>
      <libsource lib="eSim_Ngveri" part="raj_mux4x1"/>
      <sheetpath names="/" tstamps="/"/>
      <tstamp>63BBF7CA</tstamp>
    </comp>
    <comp ref="U11">
      <value>raj_mux4x1</value>
      <libsource lib="eSim_Ngveri" part="raj_mux4x1"/>
      <sheetpath names="/" tstamps="/"/>
      <tstamp>63BBF84F</tstamp>
    </comp>
    <comp ref="v1">
      <value>pulse</value>
      <footprint>R1</footprint>
      <libsource lib="eSim_Sources" part="pulse"/>
      <sheetpath names="/" tstamps="/"/>
      <tstamp>63BBF909</tstamp>
    </comp>
    <comp ref="U9">
      <value>plot_v1</value>
      <libsource lib="eSim_Plot" part="plot_v1"/>
      <sheetpath names="/" tstamps="/"/>
      <tstamp>63BBFC4E</tstamp>
    </comp>
    <comp ref="U12">
      <value>plot_v1</value>
      <libsource lib="eSim_Plot" part="plot_v1"/>
      <sheetpath names="/" tstamps="/"/>
      <tstamp>63BBFC91</tstamp>
    </comp>
    <comp ref="U13">
      <value>plot_v1</value>
      <libsource lib="eSim_Plot" part="plot_v1"/>
      <sheetpath names="/" tstamps="/"/>
      <tstamp>63BBFCE2</tstamp>
    </comp>
    <comp ref="U6">
      <value>plot_v1</value>
      <libsource lib="eSim_Plot" part="plot_v1"/>
      <sheetpath names="/" tstamps="/"/>
      <tstamp>63BBFDE1</tstamp>
    </comp>
    <comp ref="v4">
      <value>DC</value>
      <footprint>R1</footprint>
      <libsource lib="eSim_Sources" part="DC"/>
      <sheetpath names="/" tstamps="/"/>
      <tstamp>63BC0691</tstamp>
    </comp>
    <comp ref="v5">
      <value>DC</value>
      <footprint>R1</footprint>
      <libsource lib="eSim_Sources" part="DC"/>
      <sheetpath names="/" tstamps="/"/>
      <tstamp>63BC071D</tstamp>
    </comp>
    <comp ref="v2">
      <value>DC</value>
      <footprint>R1</footprint>
      <libsource lib="eSim_Sources" part="DC"/>
      <sheetpath names="/" tstamps="/"/>
      <tstamp>63BC132F</tstamp>
    </comp>
    <comp ref="v3">
      <value>DC</value>
      <footprint>R1</footprint>
      <libsource lib="eSim_Sources" part="DC"/>
      <sheetpath names="/" tstamps="/"/>
      <tstamp>63BC1756</tstamp>
    </comp>
    <comp ref="v6">
      <value>DC</value>
      <footprint>R1</footprint>
      <libsource lib="eSim_Sources" part="DC"/>
      <sheetpath names="/" tstamps="/"/>
      <tstamp>63BC19BE</tstamp>
    </comp>
    <comp ref="v7">
      <value>DC</value>
      <footprint>R1</footprint>
      <libsource lib="eSim_Sources" part="DC"/>
      <sheetpath names="/" tstamps="/"/>
      <tstamp>63BC1A3F</tstamp>
    </comp>
    <comp ref="v8">
      <value>DC</value>
      <footprint>R1</footprint>
      <libsource lib="eSim_Sources" part="DC"/>
      <sheetpath names="/" tstamps="/"/>
      <tstamp>63BC1AB6</tstamp>
    </comp>
    <comp ref="scmode1">
      <value>SKY130mode</value>
      <libsource lib="eSim_SKY130" part="SKY130mode"/>
      <sheetpath names="/" tstamps="/"/>
      <tstamp>63BC29E8</tstamp>
    </comp>
    <comp ref="v9">
      <value>DC</value>
      <footprint>R1</footprint>
      <libsource lib="eSim_Sources" part="DC"/>
      <sheetpath names="/" tstamps="/"/>
      <tstamp>63BC449A</tstamp>
    </comp>
    <comp ref="U14">
      <value>adc_bridge_8</value>
      <libsource lib="eSim_Hybrid" part="adc_bridge_8"/>
      <sheetpath names="/" tstamps="/"/>
      <tstamp>63C51B18</tstamp>
    </comp>
    <comp ref="U3">
      <value>adc_bridge_1</value>
      <libsource lib="eSim_Hybrid" part="adc_bridge_1"/>
      <sheetpath names="/" tstamps="/"/>
      <tstamp>63C52685</tstamp>
    </comp>
    <comp ref="U15">
      <value>plot_v1</value>
      <libsource lib="eSim_Plot" part="plot_v1"/>
      <sheetpath names="/" tstamps="/"/>
      <tstamp>63C572B7</tstamp>
    </comp>
  </components>
  <libparts>
    <libpart lib="eSim_Sources" part="DC">
      <footprints>
        <fp>1_pin</fp>
      </footprints>
      <fields>
        <field name="Reference">v</field>
        <field name="Value">DC</field>
        <field name="Footprint">R1</field>
      </fields>
      <pins>
        <pin num="1" name="+" type="power_out"/>
        <pin num="2" name="-" type="power_out"/>
      </pins>
    </libpart>
    <libpart lib="eSim_SKY130" part="SKY130mode">
      <fields>
        <field name="Reference">scmode</field>
        <field name="Value">SKY130mode</field>
      </fields>
    </libpart>
    <libpart lib="eSim_Hybrid" part="adc_bridge_1">
      <fields>
        <field name="Reference">U</field>
        <field name="Value">adc_bridge_1</field>
      </fields>
      <pins>
        <pin num="1" name="IN1" type="input"/>
        <pin num="2" name="OUT1" type="output"/>
      </pins>
    </libpart>
    <libpart lib="eSim_Hybrid" part="adc_bridge_8">
      <fields>
        <field name="Reference">U</field>
        <field name="Value">adc_bridge_8</field>
      </fields>
      <pins>
        <pin num="1" name="IN1" type="input"/>
        <pin num="2" name="IN2" type="input"/>
        <pin num="3" name="IN3" type="input"/>
        <pin num="4" name="IN4" type="input"/>
        <pin num="5" name="IN5" type="input"/>
        <pin num="6" name="IN6" type="input"/>
        <pin num="7" name="IN7" type="input"/>
        <pin num="8" name="IN8" type="input"/>
        <pin num="9" name="OUT1" type="output"/>
        <pin num="10" name="OUT2" type="output"/>
        <pin num="11" name="OUT3" type="output"/>
        <pin num="12" name="OUT4" type="output"/>
        <pin num="13" name="OUT5" type="output"/>
        <pin num="14" name="OUT6" type="output"/>
        <pin num="15" name="OUT7" type="output"/>
        <pin num="16" name="OUT8" type="output"/>
      </pins>
    </libpart>
    <libpart lib="eSim_Plot" part="plot_v1">
      <fields>
        <field name="Reference">U</field>
        <field name="Value">plot_v1</field>
      </fields>
      <pins>
        <pin num="~" name="~" type="input"/>
      </pins>
    </libpart>
    <libpart lib="eSim_Sources" part="pulse">
      <footprints>
        <fp>1_pin</fp>
      </footprints>
      <fields>
        <field name="Reference">v</field>
        <field name="Value">pulse</field>
        <field name="Footprint">R1</field>
      </fields>
      <pins>
        <pin num="1" name="+" type="passive"/>
        <pin num="2" name="-" type="passive"/>
      </pins>
    </libpart>
    <libpart lib="eSim_Ngveri" part="raj_d_ff">
      <fields>
        <field name="Reference">U</field>
        <field name="Value">raj_d_ff</field>
      </fields>
      <pins>
        <pin num="1" name="clk0" type="input"/>
        <pin num="2" name="d0" type="input"/>
        <pin num="3" name="q0" type="output"/>
        <pin num="4" name="qbar0" type="output"/>
      </pins>
    </libpart>
    <libpart lib="eSim_Ngveri" part="raj_mux4x1">
      <fields>
        <field name="Reference">U</field>
        <field name="Value">raj_mux4x1</field>
      </fields>
      <pins>
        <pin num="1" name="i00" type="input"/>
        <pin num="2" name="i10" type="input"/>
        <pin num="3" name="i20" type="input"/>
        <pin num="4" name="i30" type="input"/>
        <pin num="5" name="s00" type="input"/>
        <pin num="6" name="s10" type="input"/>
        <pin num="7" name="y0" type="output"/>
      </pins>
    </libpart>
  </libparts>
  <libraries>
    <library logical="eSim_Sources">
      <uri>C:\Users\Public\FOSSEE\KiCad\share\kicad\library\eSim_Sources.lib</uri>
    </library>
    <library logical="eSim_SKY130">
      <uri>C:\Users\Public\FOSSEE\KiCad\share\kicad\library\eSim_SKY130.lib</uri>
    </library>
    <library logical="eSim_Hybrid">
      <uri>C:\Users\Public\FOSSEE\KiCad\share\kicad\library\eSim_Hybrid.lib</uri>
    </library>
    <library logical="eSim_Ngveri">
      <uri>C:\Users\Public\FOSSEE\KiCad\share\kicad\library\eSim_Ngveri.lib</uri>
    </library>
    <library logical="eSim_Plot">
      <uri>C:\Users\Public\FOSSEE\KiCad\share\kicad\library\eSim_Plot.lib</uri>
    </library>
  </libraries>
  <nets>
    <net code="2" name="Net-(U14-Pad5)">
      <node ref="U14" pin="5"/>
      <node ref="v6" pin="1"/>
    </net>
    <net code="3" name="LSB_in">
      <node ref="U14" pin="8"/>
      <node ref="v9" pin="1"/>
    </net>
    <net code="4" name="I0">
      <node ref="U14" pin="7"/>
      <node ref="v8" pin="1"/>
    </net>
    <net code="5" name="I1">
      <node ref="U14" pin="6"/>
      <node ref="v7" pin="1"/>
    </net>
    <net code="7" name="Net-(U14-Pad4)">
      <node ref="U14" pin="4"/>
      <node ref="v5" pin="1"/>
    </net>
    <net code="8" name="Net-(U14-Pad2)">
      <node ref="v3" pin="1"/>
      <node ref="U14" pin="2"/>
    </net>
    <net code="9" name="Net-(U14-Pad1)">
      <node ref="U14" pin="1"/>
      <node ref="v2" pin="1"/>
    </net>
    <net code="10" name="Net-(U11-Pad3)">
      <node ref="U11" pin="3"/>
      <node ref="U14" pin="16"/>
    </net>
    <net code="12" name="Net-(U1-Pad4)">
      <node ref="U1" pin="4"/>
      <node ref="U14" pin="10"/>
    </net>
    <net code="13" name="Net-(U1-Pad2)">
      <node ref="U1" pin="2"/>
      <node ref="U14" pin="9"/>
    </net>
    <net code="15" name="Net-(U14-Pad14)">
      <node ref="U8" pin="4"/>
      <node ref="U14" pin="14"/>
    </net>
    <net code="16" name="Net-(U14-Pad13)">
      <node ref="U5" pin="4"/>
      <node ref="U14" pin="13"/>
    </net>
    <net code="18" name="Net-(U11-Pad4)">
      <node ref="U11" pin="4"/>
      <node ref="U14" pin="15"/>
    </net>
    <net code="19" name="Net-(U14-Pad3)">
      <node ref="v4" pin="1"/>
      <node ref="U14" pin="3"/>
    </net>
    <net code="20" name="Net-(U3-Pad1)">
      <node ref="U3" pin="1"/>
      <node ref="v1" pin="1"/>
    </net>
    <net code="21" name="CLK">
      <node ref="U4" pin="1"/>
      <node ref="U10" pin="1"/>
      <node ref="U2" pin="1"/>
      <node ref="U7" pin="1"/>
      <node ref="U3" pin="2"/>
      <node ref="U15" pin="~"/>
    </net>
    <net code="22" name="GND">
      <node ref="v9" pin="2"/>
      <node ref="v1" pin="2"/>
      <node ref="v5" pin="2"/>
      <node ref="v6" pin="2"/>
      <node ref="v7" pin="2"/>
      <node ref="v8" pin="2"/>
      <node ref="v2" pin="2"/>
      <node ref="v4" pin="2"/>
      <node ref="v3" pin="2"/>
    </net>
    <net code="23" name="Net-(U7-Pad2)">
      <node ref="U8" pin="7"/>
      <node ref="U7" pin="2"/>
    </net>
    <net code="24" name="Net-(U4-Pad2)">
      <node ref="U4" pin="2"/>
      <node ref="U5" pin="7"/>
    </net>
    <net code="25" name="Q3">
      <node ref="U2" pin="3"/>
      <node ref="U5" pin="2"/>
      <node ref="U1" pin="1"/>
      <node ref="U6" pin="~"/>
    </net>
    <net code="26" name="Net-(U10-Pad4)">
      <node ref="U10" pin="4"/>
    </net>
    <net code="27" name="Net-(U10-Pad2)">
      <node ref="U11" pin="7"/>
      <node ref="U10" pin="2"/>
    </net>
    <net code="28" name="Net-(U4-Pad4)">
      <node ref="U4" pin="4"/>
    </net>
    <net code="29" name="Net-(U7-Pad4)">
      <node ref="U7" pin="4"/>
    </net>
    <net code="30" name="Net-(U2-Pad4)">
      <node ref="U2" pin="4"/>
    </net>
    <net code="31" name="Net-(U1-Pad7)">
      <node ref="U2" pin="2"/>
      <node ref="U1" pin="7"/>
    </net>
    <net code="32" name="Q1">
      <node ref="U11" pin="2"/>
      <node ref="U8" pin="1"/>
      <node ref="U5" pin="3"/>
      <node ref="U7" pin="3"/>
      <node ref="U12" pin="~"/>
    </net>
    <net code="33" name="Q2">
      <node ref="U4" pin="3"/>
      <node ref="U1" pin="3"/>
      <node ref="U9" pin="~"/>
      <node ref="U8" pin="2"/>
      <node ref="U5" pin="1"/>
    </net>
    <net code="34" name="Q0">
      <node ref="U10" pin="3"/>
      <node ref="U11" pin="1"/>
      <node ref="U13" pin="~"/>
      <node ref="U8" pin="3"/>
    </net>
    <net code="35" name="S1">
      <node ref="U1" pin="6"/>
      <node ref="U5" pin="6"/>
      <node ref="U14" pin="12"/>
      <node ref="U8" pin="6"/>
      <node ref="U11" pin="6"/>
    </net>
    <net code="36" name="S0">
      <node ref="U1" pin="5"/>
      <node ref="U14" pin="11"/>
      <node ref="U8" pin="5"/>
      <node ref="U5" pin="5"/>
      <node ref="U11" pin="5"/>
    </net>
  </nets>
</export>
